"Name","Path","Size","LastWriteTime"
"nav-highlight-integration.js","D:\codes\onlinestore\caddy-style-shopping-site\nav-highlight-integration.js","0 bytes","2025-09-25 00:25:24"
"unified-nav-highlight.js","D:\codes\onlinestore\caddy-style-shopping-site\unified-nav-highlight.js","0 bytes","2025-09-25 00:25:24"
"nav-highlight-optimization.css","D:\codes\onlinestore\caddy-style-shopping-site\css\nav-highlight-optimization.css","0 bytes","2025-09-25 00:25:24"
"nav-highlight-optimization.js","D:\codes\onlinestore\caddy-style-shopping-site\js\nav-highlight-optimization.js","0 bytes","2025-09-25 00:25:24"
"basic.js","D:\codes\onlinestore\caddy-style-shopping-site\node_modules\@webassemblyjs\ast\esm\types\basic.js","0 bytes","2025-09-24 11:31:19"
"nodes.js","D:\codes\onlinestore\caddy-style-shopping-site\node_modules\@webassemblyjs\ast\esm\types\nodes.js","0 bytes","2025-09-24 11:31:19"
"traverse.js","D:\codes\onlinestore\caddy-style-shopping-site\node_modules\@webassemblyjs\ast\esm\types\traverse.js","0 bytes","2025-09-24 11:31:19"
"decoder.js","D:\codes\onlinestore\caddy-style-shopping-site\node_modules\@webassemblyjs\wasm-parser\esm\types\decoder.js","0 bytes","2025-09-24 11:31:19"
".gitkeep","D:\codes\onlinestore\caddy-style-shopping-site\node_modules\@xtuc\ieee754\dist\.gitkeep","0 bytes","2025-09-24 11:31:19"
"main.js","D:\codes\onlinestore\caddy-style-shopping-site\node_modules\resolve\test\pathfilter\deep_ref\main.js","0 bytes","2025-09-24 11:31:16"
"mug.coffee","D:\codes\onlinestore\caddy-style-shopping-site\node_modules\resolve\test\resolver\mug.coffee","0 bytes","2025-09-24 11:31:16"
"mug.js","D:\codes\onlinestore\caddy-style-shopping-site\node_modules\resolve\test\resolver\mug.js","0 bytes","2025-09-24 11:31:16"
"doom.js","D:\codes\onlinestore\caddy-style-shopping-site\node_modules\resolve\test\resolver\baz\doom.js","0 bytes","2025-09-24 11:31:16"
"a.js","D:\codes\onlinestore\caddy-style-shopping-site\node_modules\resolve\test\resolver\browser_field\a.js","0 bytes","2025-09-24 11:31:16"
"b.js","D:\codes\onlinestore\caddy-style-shopping-site\node_modules\resolve\test\resolver\browser_field\b.js","0 bytes","2025-09-24 11:31:16"
"index.js","D:\codes\onlinestore\caddy-style-shopping-site\node_modules\resolve\test\resolver\false_main\index.js","0 bytes","2025-09-24 11:31:16"
"index.js","D:\codes\onlinestore\caddy-style-shopping-site\node_modules\resolve\test\resolver\multirepo\packages\package-b\index.js","0 bytes","2025-09-24 11:31:16"
"root.js","D:\codes\onlinestore\caddy-style-shopping-site\node_modules\resolve\test\resolver\other_path\root.js","0 bytes","2025-09-24 11:31:16"
"other-lib.js","D:\codes\onlinestore\caddy-style-shopping-site\node_modules\resolve\test\resolver\other_path\lib\other-lib.js","0 bytes","2025-09-24 11:31:16"
"foo.js","D:\codes\onlinestore\caddy-style-shopping-site\node_modules\resolve\test\resolver\symlinked\_\node_modules\foo.js","0 bytes","2025-09-24 11:31:16"
".gitkeep","D:\codes\onlinestore\caddy-style-shopping-site\node_modules\resolve\test\resolver\symlinked\_\symlink_target\.gitkeep","0 bytes","2025-09-24 11:31:16"
"index.js","D:\codes\onlinestore\caddy-style-shopping-site\node_modules\resolve\test\shadowed_core\node_modules\util\index.js","0 bytes","2025-09-24 11:31:16"
".gitkeep","D:\codes\onlinestore\caddy-style-shopping-site\node_modules\terser\dist\.gitkeep","0 bytes","2025-09-24 11:31:14"
